"keys","en"
"PULL THE LEVER","PULL THE LEVER"
"THE COLLECTION","THE COLLECTION"
"THE DAILY","THE DAILY"
"CONTINUE","CONTINUE"
"RESUME","RESUME"
"SETTINGS","SETTINGS"
"SKIP THE LESSON","SKIP THE LESSON"
"ABANDON THE RUN","ABANDON THE RUN"
"QUIT","QUIT"
"BACK","BACK"
"HOW TO PLAY","HOW TO PLAY"
"PLAY THIS SEED","PLAY THIS SEED"
"MACHINE","MACHINE"
"CHALLENGE","CHALLENGE"
"THE AUDIT","THE AUDIT"
"MASTER","MASTER"
"MUSIC","MUSIC"
"SOUND","SOUND"
"ROOM","ROOM"
"PACE","PACE"
"TEXT","TEXT"
"PICTURE","PICTURE"
"ON SCREEN","ON SCREEN"
"SLOW","SLOW"
"NORMAL","NORMAL"
"QUICK","QUICK"
"RECEIPT","RECEIPT"
"PAYS","PAYS"
"WOULD PAY","WOULD PAY"
"MULTIPLIER","MULTIPLIER"
"THE BANK","THE BANK"
"NOTHING PAID","NOTHING PAID"
"STANDING — not yet banked","STANDING — not yet banked"
"SPIN","SPIN"
"SETTLE THE ANTE","SETTLE THE ANTE"
"SETTLE NOW","SETTLE NOW"
"TAKE IT","TAKE IT"
"DOUBLE","DOUBLE"
"COLLECT","COLLECT"
"STAKE −","STAKE −"
"STAKE +","STAKE +"
"BANK","BANK"
"BREAK","BREAK"
"BREAK THE VAULT","BREAK THE VAULT"
"+ ROW","+ ROW"
"+ REEL","+ REEL"
"A WORD","A WORD"
"THE PRESS","THE PRESS"
"THE POCKET","THE POCKET"
"THE DOORMAN","THE DOORMAN"
"Leave the draft","Leave the draft"
"STATEMENT OF ACCOUNT","STATEMENT OF ACCOUNT"
"THE HOUSE FINDS","THE HOUSE FINDS"
"THE HOUSE NOTES","THE HOUSE NOTES"
"FLOORS CLEARED","FLOORS CLEARED"
"SPINS","SPINS"
"EARNED","EARNED"
"BEST SPIN","BEST SPIN"
"CHIPS EARNED","CHIPS EARNED"
"HARDWARE","HARDWARE"
"OWED AT THE CLOSE","OWED AT THE CLOSE"
"IN HAND","IN HAND"
"DEAD","DEAD"
"SCRAPING","SCRAPING"
"PAID","PAID"
"STRONG","STRONG"
"HEAVY","HEAVY"
"OVERLOAD","OVERLOAD"
"STANDING","STANDING"
"The Clamp","The Clamp"
"Every reel locked is a reel that pays. The machine is held still and charged for it, and the charge comes back with interest.","Every reel locked is a reel that pays. The machine is held still and charged for it, and the charge comes back with interest."
"The Clock","The Clock"
"Spins bought, spins refunded, and boilers that pay nothing until they light. The build that plays the floor's time as a resource.","Spins bought, spins refunded, and boilers that pay nothing until they light. The build that plays the floor's time as a resource."
"The Exchange","The Exchange"
"Many small devices, each firing on every line, and a switchboard that pays by the trigger. The build that is more than the sum of its trinkets.","Many small devices, each firing on every line, and a switchboard that pays by the trigger. The build that is more than the sum of its trinkets."
"The Marker","The Marker"
"The debt is the build. Every hundred owed is leverage, every creditor on the machine a multiplier, and paying it down is the one thing the build cannot afford.","The debt is the build. Every hundred owed is leverage, every creditor on the machine a multiplier, and paying it down is the one thing the build cannot afford."
"The Orchard","The Orchard"
"The ledger of everything that has ever landed. Fruit by the bushel, sevens by the count, and a multiplier that has been growing since the basement.","The ledger of everything that has ever landed. Fruit by the bushel, sevens by the count, and a multiplier that has been growing since the basement."
"The Payroll","The Payroll"
"Skulls on the reel, skulls on the payroll, and a book that pays more the more of them stand. The House's own curse, turned into wages.","Skulls on the reel, skulls on the payroll, and a book that pays more the more of them stand. The House's own curse, turned into wages."
"The Trail","The Trail"
"The drums are stopped where they are told to stop. Every nudge spent is a step, and the hardware pays by the step.","The drums are stopped where they are told to stop. Every nudge spent is a step, and the hardware pays by the step."
"The Whale","The Whale"
"Play at the top of the stake and let the hardware make the wager pay more than it costs. Win loudly, and pay to keep the room calm.","Play at the top of the stake and let the hardware make the wager pay more than it costs. Win loudly, and pay to keep the room calm."
"Bank Charter","Bank Charter"
"Your float is a business now. Pays 12% of cash per floor, up to 120.","Your float is a business now. Pays 12% of cash per floor, up to 120."
"Bar Tab","Bar Tab"
"Every Bar goes on the tab. +0.1x per Bar landed this run, up to +4.0x.","Every Bar goes on the tab. +0.1x per Bar landed this run, up to +4.0x."
"Boiler Room","Boiler Room"
"The whole floor runs on steam. +0.14x per spin left on the floor, up to +2.5x.","The whole floor runs on steam. +0.14x per spin left on the floor, up to +2.5x."
"Bone Orchard","Bone Orchard"
"Skulls grow where they are planted. +6 draw weight on Skull.","Skulls grow where they are planted. +6 draw weight on Skull."
"Bone Saw","Bone Saw"
"Grinds the skulls off the reel. -5 draw weight on Skull.","Grinds the skulls off the reel. -5 draw weight on Skull."
"Brake Shoe","Brake Shoe"
"It stops what it is told to stop. +1.2x per reel held for the spin.","It stops what it is told to stop. +1.2x per reel held for the spin."
"Brass Multiplier","Brass Multiplier"
"A gearbox bolted to the payout arm. +0.5x on every line.","A gearbox bolted to the payout arm. +0.5x on every line."
"Chandelier","Chandelier"
"Somebody spent the float on this. +0.7x on every line.","Somebody spent the float on this. +0.7x on every line."
"Cherry Bomb","Cherry Bomb"
"Fruit detonates on landing. Each Cherry pays 4 more.","Fruit detonates on landing. Each Cherry pays 4 more."
"Cider House","Cider House"
"The whole harvest, fermenting. +0.03x per fruit landed this run, up to +6.0x.","The whole harvest, fermenting. +0.03x per fruit landed this run, up to +6.0x."
"Cider Press","Cider Press"
"Fruit goes in and credit comes out. Every fruit pays 2 more.","Fruit goes in and credit comes out. Every fruit pays 2 more."
"Cold Boiler","Cold Boiler"
"Cold for forty spins. Then it lights: +1.6x on every line.","Cold for forty spins. Then it lights: +1.6x on every line."
"Compound Note","Compound Note"
"Slow money, patient money. Pays 5% of cash per floor, up to 40.","Slow money, patient money. Pays 5% of cash per floor, up to 40."
"Counting Room","Counting Room"
"Every device on the floor reports to it. +0.12x per artifact owned.","Every device on the floor reports to it. +0.12x per artifact owned."
"Creditors' Ledger","Creditors' Ledger"
"Every bank device on the machine is a creditor. +0.35x per bank device owned.","Every bank device on the machine is a creditor. +0.35x per bank device owned."
"Crooked Croupier","Crooked Croupier"
"He deals himself in. +3 draw weight on the Wild.","He deals himself in. +3 draw weight on the Wild."
"Dead Man's Grip","Dead Man's Grip"
"Nothing you hold is let go of. +3.0x per reel held for the spin.","Nothing you hold is let go of. +3.0x per reel held for the spin."
"Death Benefit","Death Benefit"
"The policy pays out on every skull. +1.6x per skull standing.","The policy pays out on every skull. +1.6x per skull standing."
"Safety Deposit Box","Safety Deposit Box"
"A drawer with your name filed off it. The vault pays 15% more.","A drawer with your name filed off it. The vault pays 15% more."
"Entropy Engine","Entropy Engine"
"It hums, and the odds bend. +1.0x on every line.","It hums, and the odds bend. +1.0x on every line."
"Escrow Account","Escrow Account"
"Held, and quietly earning. 8% of your float, up to 60.","Held, and quietly earning. 8% of your float, up to 60."
"False Ceiling","False Ceiling"
"Something up there is pointing the wrong way. The count barely moves.","Something up there is pointing the wrong way. The count barely moves."
"Final Notice","Final Notice"
"The debt is settled. The terms are not discussed.","The debt is settled. The terms are not discussed."
"Fine Adjuster","Fine Adjuster"
"A thumbscrew on the stop. +0.5x per nudge spent on the board.","A thumbscrew on the stop. +0.5x per nudge spent on the board."
"Flywheel","Flywheel"
"It keeps what it is given. +0.6x for every floor already cleared.","It keeps what it is given. +0.6x for every floor already cleared."
"Foreman","Foreman"
"He counts the machines and charges by the head. +0.3x per mechanical device owned.","He counts the machines and charges by the head. +0.3x per mechanical device owned."
"Fruit Ledger","Fruit Ledger"
"Every cherry and every lemon, written down. +0.012x per fruit landed this run, up to +1.5x.","Every cherry and every lemon, written down. +0.012x per fruit landed this run, up to +1.5x."
"Gallows Humour","Gallows Humour"
"You laugh at the skulls and the skulls pay up. Each pays 3 instead of costing you.","You laugh at the skulls and the skulls pay up. Each pays 3 instead of costing you."
"Golden Reel","Golden Reel"
"The third reel is solid gold. Each Lucky Seven pays 6 more.","The third reel is solid gold. Each Lucky Seven pays 6 more."
"Grave Digger","Grave Digger"
"He works the orchard. +2.0x while you own the Bone Orchard.","He works the orchard. +2.0x while you own the Bone Orchard."
"Graveyard Shift","Graveyard Shift"
"The floor never closes and the counter never resets. 20% of spins are free.","The floor never closes and the counter never resets. 20% of spins are free."
"Harvest Festival","Harvest Festival"
"Everything that has ever landed, counted. +0.06x per symbol landed this run, up to +9.0x.","Everything that has ever landed, counted. +0.06x per symbol landed this run, up to +9.0x."
"Hazard Pay","Hazard Pay"
"Skulls are on the payroll. Each one pays 6 instead of costing you.","Skulls are on the payroll. Each one pays 6 instead of costing you."
"High Rollers' Cage","High Rollers' Cage"
"Where the big money is kept while it plays. +1.0x per stake level above the first.","Where the big money is kept while it plays. +1.0x per stake level above the first."
"Hot Hand","Hot Hand"
"It knows when you are on one. +0.25x per paying spin in a row, up to +2.5x.","It knows when you are on one. +0.25x per paying spin in a row, up to +2.5x."
"House Contract","House Contract"
"You renegotiate. Every ante costs 20% less.","You renegotiate. Every ante costs 20% less."
"House Edge","House Edge"
"You are the house now. +4.0x on every line.","You are the house now. +4.0x on every line."
"Written on a napkin, honoured anyway. +0.06x for every 100 you owe, up to +0.6x.","Written on a napkin, honoured anyway. +0.06x for every 100 you owe, up to +0.6x."
"Jackpot Ledger","Jackpot Ledger"
"The house keeps score. Jackpot lines gain +3.0x.","The house keeps score. Jackpot lines gain +3.0x."
"Ledger Rewrite","Ledger Rewrite"
"You edit the record after the fact. Clean sweeps gain +4.0x.","You edit the record after the fact. Clean sweeps gain +4.0x."
"Leverage Desk","Leverage Desk"
"They will lend against the machine itself. +0.5x for every 100 you owe.","They will lend against the machine itself. +0.5x for every 100 you owe."
"Loan Shark","Loan Shark"
"He holds your Marker Note, and he is generous with it. +2.0x while you own the Marker Note.","He holds your Marker Note, and he is generous with it. +2.0x while you own the Marker Note."
"Lockstep","Lockstep"
"Two drums locked are two drums paid. +1.8x per reel held for the spin.","Two drums locked are two drums paid. +1.8x per reel held for the spin."
"Long Fuse","Long Fuse"
"Seventy spins of nothing. Then +3.5x on every line, for good.","Seventy spins of nothing. Then +3.5x on every line, for good."
"Loose Screw","Loose Screw"
"A tooth is missing off the ratchet. Sometimes a spin just doesn't count.","A tooth is missing off the ratchet. Sometimes a spin just doesn't count."
"Lucky Charm","Lucky Charm"
"A worn rabbit's foot. Every spin pays 3 more, win or lose.","A worn rabbit's foot. Every spin pays 3 more, win or lose."
"Magnet Coil","Magnet Coil"
"Sevens are drawn to it. +4 draw weight on Lucky Seven.","Sevens are drawn to it. +4 draw weight on Lucky Seven."
"Margin Call","Margin Call"
"The deeper you are, the harder they let you play. +0.55x for every 100 owed.","The deeper you are, the harder they let you play. +0.55x for every 100 owed."
"Marker Note","Marker Note"
"The house is delighted to lend. +0.25x for every 100 you owe.","The house is delighted to lend. +0.25x for every 100 you owe."
"Master Key","Master Key"
"Opens every stop on the machine. +2.4x per nudge spent on the board.","Opens every stop on the machine. +2.4x per nudge spent on the board."
"Micrometer","Micrometer"
"Measures the drop to the thousandth. +1.2x per nudge spent on the board.","Measures the drop to the thousandth. +1.2x per nudge spent on the board."
"Mirror Shard","Mirror Shard"
"Every symbol sees itself twice. Each landed symbol pays 2 more.","Every symbol sees itself twice. Each landed symbol pays 2 more."
"Night Shift","Night Shift"
"Nobody is watching the clock. +2 spins on every floor.","Nobody is watching the clock. +2 spins on every floor."
"The Nudge Bar","The Nudge Bar"
"A second lever, stiff with grease. One nudge an award comes free.","A second lever, stiff with grease. One nudge an award comes free."
"Numbered Account","Numbered Account"
"No name at all, this time. The vault pays 32% more.","No name at all, this time. The vault pays 32% more."
"Orchard Wall","Orchard Wall"
"More trees. +5 draw weight on every fruit.","More trees. +5 draw weight on every fruit."
"Ossuary","Ossuary"
"It keeps every skull it has ever seen. +0.04x per skull landed this run, up to +3.0x.","It keeps every skull it has ever seen. +0.04x per skull landed this run, up to +3.0x."
"Overdraft Clause","Overdraft Clause"
"A clause nobody read. Clears 25% of your debt each floor.","A clause nobody read. Clears 25% of your debt each floor."
"Overtime Clock","Overtime Clock"
"The floor closes late. +2 spins on every floor.","The floor closes late. +2 spins on every floor."
"Pair Broker","Pair Broker"
"He only deals in twos. Pair lines gain +1.0x.","He only deals in twos. Pair lines gain +1.0x."
"Parallel Drums","Parallel Drums"
"The line is scored twice. Once is rarely enough.","The line is scored twice. Once is rarely enough."
"Pawn Ticket","Pawn Ticket"
"Small, and it pays every floor. 6% of your float, up to 20.","Small, and it pays every floor. 6% of your float, up to 20."
"The Pit Boss","The Pit Boss"
"He watches every symbol land, and charges for it. Each pays 12 more.","He watches every symbol land, and charges for it. Each pays 12 more."
"Power Coupling","Power Coupling"
"Wire the machines together. +0.2x per artifact owned.","Wire the machines together. +0.2x per artifact owned."
"Pressure Gauge","Pressure Gauge"
"Reads high while there is time. +0.06x per spin left on the floor, up to +1.0x.","Reads high while there is time. +0.06x per spin left on the floor, up to +1.0x."
"Pressure Valve","Pressure Valve"
"Vent the boiler and the night runs long. +4 spins per floor.","Vent the boiler and the night runs long. +4 spins per floor."
"The Quiet Room","The Quiet Room"
"No cameras, by arrangement. The House notices 35% less of what you win.","No cameras, by arrangement. The House notices 35% less of what you win."
"Rabbit Run","Rabbit Run"
"It bolts, and the reel forgets. 12% of spins are free.","It bolts, and the reel forgets. 12% of spins are free."
"Ratchet Pawl","Ratchet Pawl"
"The drums will hold anywhere you stop them. Two free nudges an award.","The drums will hold anywhere you stop them. Two free nudges an award."
"Reel Clamp","Reel Clamp"
"A jaw on every drum. +0.6x per reel held for the spin.","A jaw on every drum. +0.6x per reel held for the spin."
"Relay Bank","Relay Bank"
"Every device that fires trips the next. +0.25x per other artifact that triggered on the line.","Every device that fires trips the next. +0.25x per other artifact that triggered on the line."
"Second Lever","Second Lever"
"It only works beside the first one. +1.5x while you own the Nudge Bar.","It only works beside the first one. +1.5x while you own the Nudge Bar."
"Seven Counter","Seven Counter"
"It remembers every seven. +0.15x per Lucky Seven landed this run, up to +4.0x.","It remembers every seven. +0.15x per Lucky Seven landed this run, up to +4.0x."
"Skull Tally","Skull Tally"
"Every skull on the line is a mark in the book. +0.6x per skull standing.","Every skull on the line is a mark in the book. +0.6x per skull standing."
"Spare Drum","Spare Drum"
"A fourth reel, wired to pay along with the others. Every symbol pays 3 more.","A fourth reel, wired to pay along with the others. Every symbol pays 3 more."
"Switchboard","Switchboard"
"Every trigger is patched through. +0.6x per other artifact that triggered on the line.","Every trigger is patched through. +0.6x per other artifact that triggered on the line."
"Tally Sheet","Tally Sheet"
"Two of anything is worth writing down. Pair lines gain +2.0x.","Two of anything is worth writing down. Pair lines gain +2.0x."
"Every line is a trade, and every trade clears through it. +1.2x per other artifact that triggered on the line.","Every line is a trade, and every trade clears through it. +1.2x per other artifact that triggered on the line."
"The Ledger","The Ledger"
"Everything you have taken, itemised. +0.25x for each artifact you own.","Everything you have taken, itemised. +0.25x for each artifact you own."
"The House sends a car. +2.0x per stake level above the first.","The House sends a car. +2.0x per stake level above the first."
"Three Bar Salute","Three Bar Salute"
"An old payout schedule, still honoured. Every Bar pays 5 more.","An old payout schedule, still honoured. Every Bar pays 5 more."
"Twin Boilers","Twin Boilers"
"The second only fires beside the first. +2.5x while you own the Pressure Valve.","The second only fires beside the first. +2.5x while you own the Pressure Valve."
"Usurer's Wheel","Usurer's Wheel"
"It turns on what is owed. +0.7x per bank device owned.","It turns on what is owed. +0.7x per bank device owned."
"Vault Key","Vault Key"
"Your float earns its keep. Pays 10% of cash per floor, up to 15.","Your float earns its keep. Pays 10% of cash per floor, up to 15."
"Whale Ticket","Whale Ticket"
"Admits one high roller. +0.5x per stake level above the first.","Admits one high roller. +0.5x per stake level above the first."
"Winning Streak","Winning Streak"
"Every paying spin feeds the next. +0.5x per paying spin in a row, up to +5.0x.","Every paying spin feeds the next. +0.5x per paying spin in a row, up to +5.0x."
"The Accountant","The Accountant"
"He bills for every drum you touch.","He bills for every drum you touch."
"Every lock costs triple.","Every lock costs triple."
"The Auditor","The Auditor"
"He finds jackpots suspicious.","He finds jackpots suspicious."
"Jackpots pay six-tenths.","Jackpots pay six-tenths."
"The Bailiff","The Bailiff"
"He has a key to the till.","He has a key to the till."
"The vig is charged again halfway through the floor.","The vig is charged again halfway through the floor."
"The Bouncer","The Bouncer"
"He charges at the door, and again to stay.","He charges at the door, and again to stay."
"Every lock costs double.","Every lock costs double."
"The Cashier","The Cashier"
"She does not change large notes.","She does not change large notes."
"The stake stays at one.","The stake stays at one."
"The Collector","The Collector"
"He does not wait for the floor to end.","He does not wait for the floor to end."
"The Cooler","The Cooler"
"The good symbols have been asked to wait outside.","The good symbols have been asked to wait outside."
"Sevens, Diamonds, Double Bars and Wilds at half weight.","Sevens, Diamonds, Double Bars and Wilds at half weight."
"The Croupier","The Croupier"
"The sevens are in his pocket tonight.","The sevens are in his pocket tonight."
"No Lucky Sevens on this floor.","No Lucky Sevens on this floor."
"The Dealer","The Dealer"
"The diamonds are being counted elsewhere.","The diamonds are being counted elsewhere."
"No Diamonds on this floor.","No Diamonds on this floor."
"The Engineer","The Engineer"
"He needs the machine back early.","He needs the machine back early."
"Two fewer spins on this floor.","Two fewer spins on this floor."
"The Gilder","The Gilder"
"The wilds have been reprinted as something else.","The wilds have been reprinted as something else."
"No Wilds on this floor.","No Wilds on this floor."
"The Inspector","The Inspector"
"He signs for every nudge personally.","He signs for every nudge personally."
"No nudge is free on this floor.","No nudge is free on this floor."
"The Manager","The Manager"
"He takes his share off the top, and off the top of that.","He takes his share off the top, and off the top of that."
"15% off every payout, before the count takes its own.","15% off every payout, before the count takes its own."
"The Meter","The Meter"
"It runs whether you win or not.","It runs whether you win or not."
"The ante rises 2% with every spin taken.","The ante rises 2% with every spin taken."
"The Notary","The Notary"
"Two of a kind is a technicality.","Two of a kind is a technicality."
"Pairs pay two-thirds.","Pairs pay two-thirds."
"The Owner","The Owner"
"Every spin is rent.","Every spin is rent."
"The ante rises 2.5% with every spin taken.","The ante rises 2.5% with every spin taken."
"The Timekeeper","The Timekeeper"
"He started the clock before you came in.","He started the clock before you came in."
"One fewer spin on this floor.","One fewer spin on this floor."
"The Undertaker","The Undertaker"
"He has brought his own stock.","He has brought his own stock."
"Skulls at nearly double weight.","Skulls at nearly double weight."
"The Deferral","The Deferral"
"The vig on this floor is not charged. It is added to the principal, where it grows.","The vig on this floor is not charged. It is added to the principal, where it grows."
"The next spin, the last drum lands on a wild. The House has marked it for you.","The next spin, the last drum lands on a wild. The House has marked it for you."
"The Peek","The Peek"
"The next line, printed on the ledger before you spin it. Knowing is not the same as holding.","The next line, printed on the ledger before you spin it. Knowing is not the same as holding."
"The Respin","The Respin"
"A slip that says the last drum did not count. Spin it again, with the decision still on the table.","A slip that says the last drum did not count. Spin it again, with the decision still on the table."
"The Vent","The Vent"
"A word with the man on the door. Forty off the count, at once.","A word with the man on the door. Forty off the count, at once."
"Creative Accounting","Creative Accounting"
"The ante is written down. The interest is written up, in a smaller hand.","The ante is written down. The interest is written up, in a smaller hand."
"Danger Money","Danger Money"
"Hazard rates apply. The house stops honouring its own lucky number.","Hazard rates apply. The house stops honouring its own lucky number."
"Full Pressure","Full Pressure"
"Everything on the jackpot. Pairs stop paying entirely.","Everything on the jackpot. Pairs stop paying entirely."
"Hard Currency","Hard Currency"
"Everything pays forty percent more, and the floor is three spins shorter.","Everything pays forty percent more, and the floor is three spins shorter."
"Loose Machine","Loose Machine"
"A screw comes out of the drum. Wilds fall out with it, and so does the float.","A screw comes out of the drum. Wilds fall out with it, and so does the float."
"Marked Cards","Marked Cards"
"Somebody has been at the drum with a file. Somebody wants paying.","Somebody has been at the drum with a file. Somebody wants paying."
"Overtime","Overtime"
"Stay on past the shift. The interest stays on with you.","Stay on past the shift. The interest stays on with you."
"A Quiet Word","A Quiet Word"
"Skulls are on the payroll. Sevens are off it, and the ante is up.","Skulls are on the payroll. Sevens are off it, and the ante is up."
"Short Odds","Short Odds"
"Paid on the near things. Never again on the whole thing.","Paid on the near things. Never again on the whole thing."
"Skeleton Crew","Skeleton Crew"
"Nobody is watching the floor tonight. Take your time; take less for it.","Nobody is watching the floor tonight. Take your time; take less for it."
"The Float","The Float"
"They will take less at the desk if you take less time at the machine.","They will take less at the desk if you take less time at the machine."
"The Fruit Clause","The Fruit Clause"
"Cherries and lemons are worth having. Bars are worth nothing at all.","Cherries and lemons are worth having. Bars are worth nothing at all."
"The Long Shift","The Long Shift"
"Two more nudges an award, and every payout shaved for the privilege.","Two more nudges an award, and every payout shaved for the privilege."
"The Night Shift","The Night Shift"
"The floor is busy and the machines are warm. One more spin, and the House prices the room accordingly.","The floor is busy and the machines are warm. One more spin, and the House prices the room accordingly."
"A Quiet Room","A Quiet Room"
"Nobody is playing. One spin fewer and the House asks less to be left alone.","Nobody is playing. One spin fewer and the House asks less to be left alone."
"An Orchard Run","An Orchard Run"
"Somebody has been at the reels. The fruit is heavy tonight.","Somebody has been at the reels. The fruit is heavy tonight."
"Cold Iron","Cold Iron"
"The bars and the sevens are riding high, and the House has noticed.","The bars and the sevens are riding high, and the House has noticed."
"Short-Staffed","Short-Staffed"
"Nobody could be spared for this floor. The House charges for the privilege.","Nobody could be spared for this floor. The House charges for the privilege."
"The float came up short this morning. Scrip instead of credit, and the House keeps a little of both.","The float came up short this morning. Scrip instead of credit, and the House keeps a little of both."
"Lights Out","Lights Out"
"Half the room is dark. What pays, pays well.","Half the room is dark. What pays, pays well."
"Papered Over","Papered Over"
"The skulls have been struck off the strip and nobody has replaced them yet.","The skulls have been struck off the strip and nobody has replaced them yet."
"All In","All In"
"A quarter more on every ante, one fewer spin, and the vig half again. Every rule at once.","A quarter more on every ante, one fewer spin, and the vig half again. Every rule at once."
"Bare Reels","Bare Reels"
"No holds and no nudges; three spins a floor and a tenth on every line in lieu. The basement never taught you, and the machine does not owe you a trail.","No holds and no nudges; three spins a floor and a tenth on every line in lieu. The basement never taught you, and the machine does not owe you a trail."
"Cold Hands","Cold Hands"
"No stake and no ladder. One credit a spin, and every win is banked as it stands.","No stake and no ladder. One credit a spin, and every win is banked as it stands."
"Dear Hardware","Dear Hardware"
"Everything in the draft costs sixty percent more.","Everything in the draft costs sixty percent more."
"Debtors' Prison","Debtors' Prison"
"You owe four times what you owe.","You owe four times what you owe."
"Flush and Owing","Flush and Owing"
"Three hundred credits in hand, and three times the debt behind them.","Three hundred credits in hand, and three times the debt behind them."
"Full Kit","Full Kit"
"Every verb from the basement: the market, the stake, the ladder, the vault, the office, the works. The House is counting from the start too.","Every verb from the basement: the market, the stake, the ladder, the vault, the office, the works. The House is counting from the start too."
"Interest Only","Interest Only"
"Every floor's debt interest is forty points higher. Pay it down or watch it.","Every floor's debt interest is forty points higher. Pay it down or watch it."
"Lean","Lean"
"Ten credits fewer to start, and nothing to make up for it.","Ten credits fewer to start, and nothing to make up for it."
"No Grace","No Grace"
"The vig is due from the first floor. The House does not wait for anyone.","The vig is due from the first floor. The House does not wait for anyone."
"No Market","No Market"
"The draft is what it is: no reroll, no selling back, no slate.","The draft is what it is: no reroll, no selling back, no slate."
"No Paper","No Paper"
"The back office is closed. No contracts, no terms, house rules on every floor.","The back office is closed. No contracts, no terms, house rules on every floor."
"No Vault","No Vault"
"Nothing is banked. Every credit you hold is a credit in the purse.","Nothing is banked. Every credit you hold is a credit in the purse."
"No Works","No Works"
"The engine room is closed. Three reels and one row, for the whole run.","The engine room is closed. Three reels and one row, for the whole run."
"Short Count","Short Count"
"Two fewer spins on every floor.","Two fewer spins on every floor."
"Skulls Pay","Skulls Pay"
"Every skull on the line pays six instead of costing you. The House has put them on the payroll for the whole run.","Every skull on the line pays six instead of costing you. The House has put them on the payroll for the whole run."
"The Vig Doubles","The Vig Doubles"
"The service payment is twice what it was, every floor. The principal has not moved.","The service payment is twice what it was, every floor. The principal has not moved."
"Tight Machine","Tight Machine"
"Every payout is nine tenths of what it should be. The machine has been adjusted.","Every payout is nine tenths of what it should be. The machine has been adjusted."
"Standard","Standard"
"The game as it is played. Seven floors, one debt, the House counting.","The game as it is played. Seven floors, one debt, the House counting."
"Marked Deck","Marked Deck"
"Every ante eight percent dearer. The House has seen you before.","Every ante eight percent dearer. The House has seen you before."
"The Vig Rises","The Vig Rises"
"The service payment is half again what it was. The debt is the same; the House is more interested in it.","The service payment is half again what it was. The debt is the same; the House is more interested in it."
"Tight Purse","Tight Purse"
"Everything in the draft costs a fifth more. The market has heard about you.","Everything in the draft costs a fifth more. The market has heard about you."
"Cold Start","Cold Start"
"You owe half again what you owed. The paperwork was always going to say that.","You owe half again what you owed. The paperwork was always going to say that."
"Compound Interest","Compound Interest"
"Every floor's interest is fifteen points higher. The debt has started to grow faster than you do.","Every floor's interest is fifteen points higher. The debt has started to grow faster than you do."
"Every payout is nineteen twentieths of what it should be. The machine has been adjusted, and every audit before this one still holds.","Every payout is nineteen twentieths of what it should be. The machine has been adjusted, and every audit before this one still holds."
"House Rules","House Rules"
"Every ante a fifth dearer, on top of everything. The last audit.","Every ante a fifth dearer, on top of everything. The last audit."
"The Standard","The Standard"
"The machine as the House keeps it. Every floor teaches, every floor charges.","The machine as the House keeps it. Every floor teaches, every floor charges."
"The Overdraft","The Overdraft"
"More in the purse, more on the account. The House lends; it always has.","More in the purse, more on the account. The House lends; it always has."
"The Strongbox","The Strongbox"
"The vault fitted from the basement, forty in the purse and three chips in hand. It pays a tenth less.","The vault fitted from the basement, forty in the purse and three chips in hand. It pays a tenth less."
"A challenge run: a quarter more on every ante, one fewer spin, and the vig half again.","A challenge run: a quarter more on every ante, one fewer spin, and the vig half again."
"A challenge run: no holds and no nudges.","A challenge run: no holds and no nudges."
"A challenge run: no stake and no ladder.","A challenge run: no stake and no ladder."
"A challenge run: everything in the draft costs sixty percent more.","A challenge run: everything in the draft costs sixty percent more."
"A challenge run: you owe four times what you owe.","A challenge run: you owe four times what you owe."
"A challenge run: three hundred credits in hand, and three times the debt behind them.","A challenge run: three hundred credits in hand, and three times the debt behind them."
"A challenge run: every verb from the basement: the market, the stake, the ladder, the vault, the office, the works.","A challenge run: every verb from the basement: the market, the stake, the ladder, the vault, the office, the works."
"A challenge run: every floor's debt interest is forty points higher.","A challenge run: every floor's debt interest is forty points higher."
"A challenge run: ten credits fewer to start, and nothing to make up for it.","A challenge run: ten credits fewer to start, and nothing to make up for it."
"A challenge run: the vig is due from the first floor.","A challenge run: the vig is due from the first floor."
"A challenge run: the draft is what it is: no reroll, no selling back, no slate.","A challenge run: the draft is what it is: no reroll, no selling back, no slate."
"A challenge run: the back office is closed.","A challenge run: the back office is closed."
"A challenge run: nothing is banked.","A challenge run: nothing is banked."
"A challenge run: the engine room is closed.","A challenge run: the engine room is closed."
"A challenge run: two fewer spins on every floor.","A challenge run: two fewer spins on every floor."
"A challenge run: every skull on the line pays six instead of costing you.","A challenge run: every skull on the line pays six instead of costing you."
"A challenge run: the service payment is twice what it was, every floor.","A challenge run: the service payment is twice what it was, every floor."
"A challenge run: every payout is nine tenths of what it should be.","A challenge run: every payout is nine tenths of what it should be."
"A chit: this floor's vig goes on the principal instead.","A chit: this floor's vig goes on the principal instead."
"A chit: the last drum lands a wild next spin.","A chit: the last drum lands a wild next spin."
"A chit: forty off the count, at once.","A chit: forty off the count, at once."
"Audit 5 of 8. A win on the rung below opens it.","Audit 5 of 8. A win on the rung below opens it."
"Audit 6 of 8. A win on the rung below opens it.","Audit 6 of 8. A win on the rung below opens it."
"Patience is a product.","Patience is a product."
"They let you watch the count.","They let you watch the count."
"Something in the basement hums.","Something in the basement hums."
"Hardware: the count barely moves.","Hardware: the count barely moves."
"The last letter they send.","The last letter they send."
"Flush Start","Flush Start"
"Start with more cash and more debt.","Start with more cash and more debt."
"Hardware: it keeps what it is given.","Hardware: it keeps what it is given."
"The floor never closes to you now.","The floor never closes to you now."
"The whole harvest, counted at last.","The whole harvest, counted at last."
"The policy is amended in your favour.","The policy is amended in your favour."
"High Roller's Cage","High Roller's Cage"
"Hardware: where the big money is kept while it plays.","Hardware: where the big money is kept while it plays."
"They will renegotiate, once.","They will renegotiate, once."
"You have been on the wrong side of it.","You have been on the wrong side of it."
"Audit 8 of 8. A win on the rung below opens it.","Audit 8 of 8. A win on the rung below opens it."
"The record is editable.","The record is editable."
"Audit 2 of 8. A win on the rung below opens it.","Audit 2 of 8. A win on the rung below opens it."
"Every stop on the machine opens.","Every stop on the machine opens."
"No name on it at all, this time.","No name on it at all, this time."
"A clause nobody read, and it is yours.","A clause nobody read, and it is yours."
"Two of everything.","Two of everything."
"He remembers you now.","He remembers you now."
"Hardware: the machines wired together.","Hardware: the machines wired together."
"Hardware: the boiler will take a vent.","Hardware: the boiler will take a vent."
"Hardware: no cameras, by arrangement.","Hardware: no cameras, by arrangement."
"A machine: the vault from the basement, cash in hand, payouts down.","A machine: the vault from the basement, cash in hand, payouts down."
"Hardware: every trigger patched through one board.","Hardware: every trigger patched through one board."
"Audit 3 of 8. A win on the rung below opens it.","Audit 3 of 8. A win on the rung below opens it."
"Hardware: the House sends a car. +2.0x per stake level.","Hardware: the House sends a car. +2.0x per stake level."
"Audit 7 of 8. A win on the rung below opens it.","Audit 7 of 8. A win on the rung below opens it."
"Audit 4 of 8. A win on the rung below opens it.","Audit 4 of 8. A win on the rung below opens it."
"Hardware: a second boiler, beside the first.","Hardware: a second boiler, beside the first."
"The bank notices you.","The bank notices you."
"Hardware: every paying spin feeds the next.","Hardware: every paying spin feeds the next."
"The Basement","The Basement"
"One machine, one bare bulb, one bad idea.","One machine, one bare bulb, one bad idea."
"The Casino","The Casino"
"Carpet, noise, and someone selling you something.","Carpet, noise, and someone selling you something."
"The High Roller Room","The High Roller Room"
"The stakes climb and so does the ceiling.","The stakes climb and so does the ceiling."
"The Vault","The Vault"
"Money that sits still starts to breed.","Money that sits still starts to breed."
"The Back Office","The Back Office"
"Where the rules are typed up and signed.","Where the rules are typed up and signed."
"The Engine Room","The Engine Room"
"Every machine on the floor, wired to yours.","Every machine on the floor, wired to yours."
"The House","The House"
"It has been counting the whole time.","It has been counting the whole time."
"The Bank","The Bank"
"Bell","Bell"
"Cherry","Cherry"
"Diamond","Diamond"
"Double Bar","Double Bar"
"Grapes","Grapes"
"Horseshoe","Horseshoe"
"Lemon","Lemon"
"Orange","Orange"
"Lucky Seven","Lucky Seven"
"Skull","Skull"
"Watermelon","Watermelon"
"Wild Joker","Wild Joker"
"IOU","IOU"
"Bar","Bar"
